1536201949625,1622,SubmitRequirements,200,OK,9_API_SubmitRequirements 1-1,text,true,,240,1831,1,3,1621,0,1080
1536202035176,760,SubmitRequirements,200,OK,9_API_SubmitRequirements 1-1,text,true,,240,1831,1,3,760,0,505
1536202036966,275,SubmitRequirements,200,OK,9_API_SubmitRequirements 1-1,text,true,,240,1831,1,3,275,0,0
1536202070008,717,SubmitRequirements,200,OK,9_API_SubmitRequirements 1-1,text,true,,240,1831,1,3,717,0,472
1536202089830,451,SubmitRequirements,200,OK,9_API_SubmitRequirements 1-1,text,true,,240,1831,1,3,451,0,169
1536202158402,879,SubmitRequirements,200,OK,9_API_SubmitRequirements 1-1,text,true,,240,1831,1,3,879,0,400
1536202231916,916,SubmitRequirements,200,OK,9_API_SubmitRequirements 1-1,text,true,,240,1831,1,3,916,0,407
1536202234784,555,SubmitRequirements,200,OK,9_API_SubmitRequirements 1-1,text,true,,240,1831,1,3,555,0,137
1536202379197,1070,SubmitRequirements,200,OK,9_API_SubmitRequirements 1-1,text,true,,240,1831,1,3,1070,0,466
1536202406606,360,SubmitRequirements,200,OK,9_API_SubmitRequirements 1-1,text,true,,240,1831,1,3,360,0,126
1536202425412,742,SubmitRequirements,200,OK,9_API_SubmitRequirements 1-1,text,true,,240,1831,1,3,742,0,484
1536202639998,669,SubmitRequirements,200,OK,9_API_SubmitRequirements 1-1,text,true,,240,1831,1,3,669,0,381
1536202767644,848,SubmitRequirements,200,OK,9_API_SubmitRequirements 1-1,text,true,,240,1831,1,3,848,0,336
1536202799414,785,SubmitRequirements,200,OK,9_API_SubmitRequirements 1-1,text,true,,240,1831,1,3,785,0,445
1536202830419,642,SubmitRequirements,200,OK,9_API_SubmitRequirements 1-1,text,true,,240,1831,1,3,642,0,396
1536202837239,424,SubmitRequirements,200,OK,9_API_SubmitRequirements 1-1,text,true,,240,1831,1,3,424,0,178
1536202838080,314,SubmitRequirements,200,OK,9_API_SubmitRequirements 1-1,text,true,,240,1831,1,3,314,0,0
1536202872070,401,SubmitRequirements,200,OK,9_API_SubmitRequirements 1-1,text,true,,240,1831,1,3,401,0,150
1536202884837,440,SubmitRequirements,200,OK,9_API_SubmitRequirements 1-1,text,true,,240,1831,1,3,440,0,102
1536202987996,570,SubmitRequirements,200,OK,9_API_SubmitRequirements 1-1,text,true,,240,1831,1,3,570,0,313
1536203007661,453,SubmitRequirements,200,OK,9_API_SubmitRequirements 1-1,text,true,,240,1831,1,3,453,0,163
1536203016904,1600,SubmitRequirements,200,OK,9_API_SubmitRequirements 1-1,text,true,,240,1831,1,3,1600,0,476
1536203018735,734,SubmitRequirements,200,OK,9_API_SubmitRequirements 1-1,text,true,,240,1831,1,3,734,0,0
1536203026287,523,SubmitRequirements,200,OK,9_API_SubmitRequirements 1-1,text,true,,240,1831,1,3,522,0,181
1536203087048,945,SubmitRequirements,200,OK,9_API_SubmitRequirements 1-1,text,true,,240,1831,1,3,945,0,369
1536203112550,425,SubmitRequirements,200,OK,9_API_SubmitRequirements 1-1,text,true,,240,1831,1,3,425,0,144
1536203133802,658,SubmitRequirements,200,OK,9_API_SubmitRequirements 1-1,text,true,,240,1831,1,3,658,0,379
1536203135043,560,SubmitRequirements,200,OK,9_API_SubmitRequirements 1-1,text,true,,240,1831,1,3,560,0,0
1536203137396,487,SubmitRequirements,200,OK,9_API_SubmitRequirements 1-1,text,true,,240,1831,1,3,487,0,181
1536203161459,496,SubmitRequirements,200,OK,9_API_SubmitRequirements 1-1,text,true,,240,1831,1,3,496,0,197
1536203169481,706,SubmitRequirements,200,OK,9_API_SubmitRequirements 1-1,text,true,,240,1831,1,3,706,0,416
1536203172356,435,SubmitRequirements,200,OK,9_API_SubmitRequirements 1-1,text,true,,240,1831,1,3,435,0,108
1536203271930,425,SubmitRequirements,200,OK,9_API_SubmitRequirements 1-1,text,true,,240,1831,1,3,425,0,180
1536203284097,559,SubmitRequirements,200,OK,9_API_SubmitRequirements 1-1,text,true,,240,1831,1,3,559,0,237
1536203444095,930,SubmitRequirements,200,OK,9_API_SubmitRequirements 1-1,text,true,,240,1831,1,3,930,0,651
1536203446216,412,SubmitRequirements,200,OK,9_API_SubmitRequirements 1-1,text,true,,240,1831,1,3,412,0,130
1536203478498,605,SubmitRequirements,200,OK,9_API_SubmitRequirements 1-1,text,true,,240,1831,1,3,605,0,367
1536203567450,461,SubmitRequirements,200,OK,9_API_SubmitRequirements 1-1,text,true,,240,1831,1,3,461,0,172
1536203587732,470,SubmitRequirements,200,OK,9_API_SubmitRequirements 1-1,text,true,,240,1831,1,3,470,0,183
1536203700330,361,SubmitRequirements,200,OK,9_API_SubmitRequirements 1-1,text,true,,240,1831,1,3,361,0,86
1536203815945,414,SubmitRequirements,200,OK,9_API_SubmitRequirements 1-1,text,true,,240,1831,1,3,414,0,116
1536203959371,1492,SubmitRequirements,200,OK,9_API_SubmitRequirements 1-1,text,true,,240,1831,1,3,1492,0,1211
1536203965920,473,SubmitRequirements,200,OK,9_API_SubmitRequirements 1-1,text,true,,240,1831,1,3,473,0,219
1536203984875,378,SubmitRequirements,200,OK,9_API_SubmitRequirements 1-1,text,true,,240,1831,1,3,378,0,141
1536204045305,762,SubmitRequirements,200,OK,9_API_SubmitRequirements 1-1,text,true,,240,1831,1,3,762,0,389
1536204071476,1426,SubmitRequirements,200,OK,9_API_SubmitRequirements 1-1,text,true,,240,1831,1,3,1426,0,178
1536204105427,1338,SubmitRequirements,200,OK,9_API_SubmitRequirements 1-1,text,true,,240,1831,1,3,1338,0,522
1536204123406,440,SubmitRequirements,200,OK,9_API_SubmitRequirements 1-1,text,true,,240,1831,1,3,440,0,169
1536204156386,862,SubmitRequirements,200,OK,9_API_SubmitRequirements 1-1,text,true,,240,1831,1,3,862,0,554
1536204157957,496,SubmitRequirements,200,OK,9_API_SubmitRequirements 1-1,text,true,,240,1831,1,3,496,0,0
1536204172942,405,SubmitRequirements,200,OK,9_API_SubmitRequirements 1-1,text,true,,240,1831,1,3,405,0,124
1536204184902,545,SubmitRequirements,200,OK,9_API_SubmitRequirements 1-1,text,true,,240,1831,1,3,545,0,155
1536204248495,673,SubmitRequirements,200,OK,9_API_SubmitRequirements 1-1,text,true,,240,1831,1,3,673,0,162
1536204251684,501,SubmitRequirements,200,OK,9_API_SubmitRequirements 1-1,text,true,,240,1831,1,3,501,0,209
1536204292145,596,SubmitRequirements,200,OK,9_API_SubmitRequirements 1-1,text,true,,240,1831,1,3,595,0,310
1536204307846,717,SubmitRequirements,200,OK,9_API_SubmitRequirements 1-1,text,true,,240,1831,1,3,717,0,136
1536204325772,819,SubmitRequirements,200,OK,9_API_SubmitRequirements 1-1,text,true,,240,1831,1,3,819,0,444
1536204384740,584,SubmitRequirements,200,OK,9_API_SubmitRequirements 1-1,text,true,,240,1831,1,3,584,0,117
1536204425434,781,SubmitRequirements,200,OK,9_API_SubmitRequirements 1-1,text,true,,240,1831,1,3,781,0,539
1536204428735,1288,SubmitRequirements,200,OK,9_API_SubmitRequirements 1-1,text,true,,240,1831,1,3,1288,0,118
1536204460603,871,SubmitRequirements,200,OK,9_API_SubmitRequirements 1-1,text,true,,240,1831,1,3,871,0,616
1536204464492,686,SubmitRequirements,200,OK,9_API_SubmitRequirements 1-1,text,true,,240,1831,1,3,686,0,125
1536204556765,691,SubmitRequirements,200,OK,9_API_SubmitRequirements 1-1,text,true,,240,1831,1,3,691,0,450
1536204694415,734,SubmitRequirements,200,OK,9_API_SubmitRequirements 1-1,text,true,,240,1831,1,3,734,0,403
1536204697633,413,SubmitRequirements,200,OK,9_API_SubmitRequirements 1-1,text,true,,240,1831,1,3,413,0,141
1536204698982,236,SubmitRequirements,200,OK,9_API_SubmitRequirements 1-1,text,true,,240,1831,1,3,236,0,0
1536204699219,232,SubmitRequirements,200,OK,9_API_SubmitRequirements 1-1,text,true,,240,1831,1,3,232,0,0
1536204857553,1081,SubmitRequirements,200,OK,9_API_SubmitRequirements 1-1,text,true,,240,1831,1,3,1081,0,413
1536204928434,614,SubmitRequirements,200,OK,9_API_SubmitRequirements 1-1,text,true,,240,1831,1,3,614,0,349
1536205027093,682,SubmitRequirements,200,OK,9_API_SubmitRequirements 1-1,text,true,,240,1831,1,3,682,0,442
1536205253695,1597,SubmitRequirements,200,OK,9_API_SubmitRequirements 1-1,text,true,,240,1831,1,3,1597,0,372
1536205275927,370,SubmitRequirements,200,OK,9_API_SubmitRequirements 1-1,text,true,,240,1831,1,3,370,0,133
1536205287230,669,SubmitRequirements,200,OK,9_API_SubmitRequirements 1-1,text,true,,240,1831,1,3,669,0,385
1536205334299,436,SubmitRequirements,200,OK,9_API_SubmitRequirements 1-1,text,true,,240,1831,1,2,436,0,161
1536205448426,677,SubmitRequirements,200,OK,9_API_SubmitRequirements 1-1,text,true,,240,1831,1,1,677,0,111
1536540920216,2364,SubmitRequirements,200,OK,9_API_SubmitRequirements 1-1,text,true,,240,1831,1,1,2363,0,857
1536540930046,358,SubmitRequirements,200,OK,9_API_SubmitRequirements 1-1,text,true,,240,1831,1,1,358,0,115
1536540972492,753,SubmitRequirements,200,OK,9_API_SubmitRequirements 1-1,text,true,,240,1831,1,1,753,0,409
1536545067913,1687,SubmitRequirements,200,OK,9_API_SubmitRequirements 1-1,text,true,,240,1831,1,4,1687,0,1015
1536545169456,847,SubmitRequirements,200,OK,9_API_SubmitRequirements 1-1,text,true,,240,1831,1,4,847,0,115
1536545555976,752,SubmitRequirements,200,OK,9_API_SubmitRequirements 1-1,text,true,,240,1831,1,4,752,0,214
1536550575797,1820,SubmitRequirements,200,OK,9_API_SubmitRequirements 1-1,text,true,,240,1831,1,4,1820,0,1044
1536550621432,699,SubmitRequirements,200,OK,9_API_SubmitRequirements 1-1,text,true,,240,1831,1,4,699,0,358
1536550647657,464,SubmitRequirements,200,OK,9_API_SubmitRequirements 1-1,text,true,,240,1831,1,4,464,0,102
1536550683039,782,SubmitRequirements,200,OK,9_API_SubmitRequirements 1-1,text,true,,240,1831,1,4,782,0,120
1536550770042,497,SubmitRequirements,200,OK,9_API_SubmitRequirements 1-1,text,true,,240,1831,1,4,497,0,123
1536550798789,784,SubmitRequirements,200,OK,9_API_SubmitRequirements 1-1,text,true,,240,1831,1,4,784,0,442
1536550836628,334,SubmitRequirements,200,OK,9_API_SubmitRequirements 1-1,text,true,,240,1831,1,4,334,0,109
1536550848400,381,SubmitRequirements,200,OK,9_API_SubmitRequirements 1-1,text,true,,240,1831,1,4,381,0,125
1536550869745,716,SubmitRequirements,200,OK,9_API_SubmitRequirements 1-1,text,true,,240,1831,1,4,716,0,455
1536550983824,757,SubmitRequirements,200,OK,9_API_SubmitRequirements 1-1,text,true,,240,1831,1,4,757,0,462
1536551015951,704,SubmitRequirements,200,OK,9_API_SubmitRequirements 1-1,text,true,,240,1831,1,4,704,0,425
1536551058328,789,SubmitRequirements,200,OK,9_API_SubmitRequirements 1-1,text,true,,240,1831,1,4,789,0,548
1536551070478,517,SubmitRequirements,200,OK,9_API_SubmitRequirements 1-1,text,true,,240,1831,1,4,517,0,125
1536551168229,658,SubmitRequirements,200,OK,9_API_SubmitRequirements 1-1,text,true,,240,1831,1,4,658,0,319
1536551193096,338,SubmitRequirements,200,OK,9_API_SubmitRequirements 1-1,text,true,,240,1831,1,4,338,0,89
1536551227428,738,SubmitRequirements,200,OK,9_API_SubmitRequirements 1-1,text,true,,240,1831,1,4,738,0,416
1536551244388,607,SubmitRequirements,200,OK,9_API_SubmitRequirements 1-1,text,true,,240,1831,1,4,607,0,177
1536551352471,1233,SubmitRequirements,200,OK,9_API_SubmitRequirements 1-1,text,true,,240,1831,1,4,1233,0,136
1536551401709,458,SubmitRequirements,200,OK,9_API_SubmitRequirements 1-1,text,true,,240,1831,1,4,458,0,108
1536551543746,1525,SubmitRequirements,200,OK,9_API_SubmitRequirements 1-1,text,true,,240,1831,1,4,1525,0,1034
1536551571358,448,SubmitRequirements,200,OK,9_API_SubmitRequirements 1-1,text,true,,240,1831,1,4,448,0,179
1536551614703,633,SubmitRequirements,200,OK,9_API_SubmitRequirements 1-1,text,true,,240,1831,1,4,633,0,339
1536551707870,382,SubmitRequirements,200,OK,9_API_SubmitRequirements 1-1,text,true,,240,1831,1,4,382,0,108
1536551778838,672,SubmitRequirements,200,OK,9_API_SubmitRequirements 1-1,text,true,,240,1831,1,4,672,0,370
1536551805924,641,SubmitRequirements,200,OK,9_API_SubmitRequirements 1-1,text,true,,240,1831,1,4,641,0,268
1536551819442,667,SubmitRequirements,200,OK,9_API_SubmitRequirements 1-1,text,true,,240,1831,1,4,667,0,393
1536551820122,371,SubmitRequirements,200,OK,9_API_SubmitRequirements 1-1,text,true,,240,1831,1,4,371,0,0
1536551923047,745,SubmitRequirements,200,OK,9_API_SubmitRequirements 1-1,text,true,,240,1831,1,4,745,0,436
1536551980486,386,SubmitRequirements,200,OK,9_API_SubmitRequirements 1-1,text,true,,240,1831,1,4,386,0,133
1536552045149,968,SubmitRequirements,200,OK,9_API_SubmitRequirements 1-1,text,true,,240,1831,1,4,968,0,686
1536552110253,824,SubmitRequirements,200,OK,9_API_SubmitRequirements 1-1,text,true,,240,1831,1,4,824,0,540
1536552163851,619,SubmitRequirements,200,OK,9_API_SubmitRequirements 1-1,text,true,,240,1831,1,4,619,0,331
1536552177017,4079,SubmitRequirements,200,OK,9_API_SubmitRequirements 1-1,text,true,,240,1831,1,4,4079,0,121
1536552195466,676,SubmitRequirements,200,OK,9_API_SubmitRequirements 1-1,text,true,,240,1831,1,4,676,0,352
1536552264867,753,SubmitRequirements,200,OK,9_API_SubmitRequirements 1-1,text,true,,240,1831,1,4,753,0,486
1536552272158,432,SubmitRequirements,200,OK,9_API_SubmitRequirements 1-1,text,true,,240,1831,1,4,432,0,182
1536552277661,494,SubmitRequirements,200,OK,9_API_SubmitRequirements 1-1,text,true,,240,1831,1,4,494,0,131
1536552375915,1971,SubmitRequirements,200,OK,9_API_SubmitRequirements 1-1,text,true,,240,1831,1,4,1971,0,431
1536552425116,634,SubmitRequirements,200,OK,9_API_SubmitRequirements 1-1,text,true,,240,1831,1,4,634,0,364
1536552483256,874,SubmitRequirements,200,OK,9_API_SubmitRequirements 1-1,text,true,,240,1831,1,4,874,0,357
1536552491748,394,SubmitRequirements,200,OK,9_API_SubmitRequirements 1-1,text,true,,240,1831,1,4,394,0,159
1536552663733,1870,SubmitRequirements,200,OK,9_API_SubmitRequirements 1-1,text,true,,240,1831,1,4,1870,0,871
1536552757007,888,SubmitRequirements,200,OK,9_API_SubmitRequirements 1-1,text,true,,240,1831,1,4,888,0,638
1536553091725,433,SubmitRequirements,200,OK,9_API_SubmitRequirements 1-1,text,true,,240,1831,1,4,433,0,168
1536553103673,1137,SubmitRequirements,200,OK,9_API_SubmitRequirements 1-1,text,true,,240,1831,1,4,1137,0,426
1536553118206,345,SubmitRequirements,200,OK,9_API_SubmitRequirements 1-1,text,true,,240,1831,1,4,345,0,110
1536553139394,781,SubmitRequirements,200,OK,9_API_SubmitRequirements 1-1,text,true,,240,1831,1,4,781,0,508
1536553227747,431,SubmitRequirements,200,OK,9_API_SubmitRequirements 1-1,text,true,,240,1831,1,4,431,0,152
1536553306017,1027,SubmitRequirements,200,OK,9_API_SubmitRequirements 1-1,text,true,,240,1831,1,4,1027,0,682
1536553315177,659,SubmitRequirements,200,OK,9_API_SubmitRequirements 1-1,text,true,,240,1831,1,3,659,0,133
1536553315864,238,SubmitRequirements,200,OK,9_API_SubmitRequirements 1-1,text,true,,240,1831,1,3,238,0,0
1536553378296,658,SubmitRequirements,200,OK,9_API_SubmitRequirements 1-1,text,true,,240,1831,1,3,658,0,366
1536553415143,698,SubmitRequirements,200,OK,9_API_SubmitRequirements 1-1,text,true,,240,1831,1,3,698,0,379
1536553454376,529,SubmitRequirements,200,OK,9_API_SubmitRequirements 1-1,text,true,,240,1831,1,3,529,0,260
1536553460970,379,SubmitRequirements,200,OK,9_API_SubmitRequirements 1-1,text,true,,240,1831,1,3,379,0,142
1536553476508,374,SubmitRequirements,200,OK,9_API_SubmitRequirements 1-1,text,true,,240,1831,1,3,373,0,124
1536553597977,761,SubmitRequirements,200,OK,9_API_SubmitRequirements 1-1,text,true,,240,1831,1,3,761,0,417
1536553607997,599,SubmitRequirements,200,OK,9_API_SubmitRequirements 1-1,text,true,,240,1831,1,3,599,0,136
1536553608597,249,SubmitRequirements,200,OK,9_API_SubmitRequirements 1-1,text,true,,240,1831,1,3,249,0,0
1536553624612,1032,SubmitRequirements,200,OK,9_API_SubmitRequirements 1-1,text,true,,240,1831,1,3,1031,0,139
1536553678948,457,SubmitRequirements,200,OK,9_API_SubmitRequirements 1-1,text,true,,240,1831,1,3,457,0,113
1536553742709,637,SubmitRequirements,200,OK,9_API_SubmitRequirements 1-1,text,true,,240,1831,1,3,637,0,372
1536553832760,589,SubmitRequirements,200,OK,9_API_SubmitRequirements 1-1,text,true,,240,1831,1,3,589,0,314
1536553837722,397,SubmitRequirements,200,OK,9_API_SubmitRequirements 1-1,text,true,,240,1831,1,3,397,0,137
1536553838201,473,SubmitRequirements,200,OK,9_API_SubmitRequirements 1-1,text,true,,240,1831,1,3,473,0,0
1536553857425,310,SubmitRequirements,200,OK,9_API_SubmitRequirements 1-1,text,true,,240,1831,1,3,310,0,95
1536553911922,747,SubmitRequirements,200,OK,9_API_SubmitRequirements 1-1,text,true,,240,1831,1,2,747,0,452
1536553931151,560,SubmitRequirements,200,OK,9_API_SubmitRequirements 1-1,text,true,,240,1831,1,2,560,0,232
1536553941213,383,SubmitRequirements,200,OK,9_API_SubmitRequirements 1-1,text,true,,240,1831,1,2,383,0,153
1536553970504,716,SubmitRequirements,200,OK,9_API_SubmitRequirements 1-1,text,true,,240,1831,1,2,716,0,465
1536554051734,889,SubmitRequirements,200,OK,9_API_SubmitRequirements 1-1,text,true,,240,1831,1,2,889,0,400
1536554060799,391,SubmitRequirements,200,OK,9_API_SubmitRequirements 1-1,text,true,,240,1831,1,2,391,0,152
1536554108789,603,SubmitRequirements,200,OK,9_API_SubmitRequirements 1-1,text,true,,240,1831,1,2,603,0,348
1536554145707,408,SubmitRequirements,200,OK,9_API_SubmitRequirements 1-1,text,true,,240,1831,1,1,408,0,94
1536554169721,398,SubmitRequirements,200,OK,9_API_SubmitRequirements 1-1,text,true,,240,1831,1,1,398,0,150
1536712105414,1427,SubmitRequirements,500,Internal Server Error,9_API_SubmitRequirements 1-1,text,false,Test failed: code expected to contain /200/,239,535,1,1,1426,0,1328
1536712120120,303,SubmitRequirements,500,Internal Server Error,9_API_SubmitRequirements 1-1,text,false,Test failed: code expected to contain /200/,239,535,1,1,303,0,230
1536725368285,2163,SubmitRequirements,200,OK,9_API_SubmitRequirements 1-1,text,true,,240,1831,1,5,2163,0,1126
1536725387940,490,SubmitRequirements,200,OK,9_API_SubmitRequirements 1-1,text,true,,240,1831,1,5,490,0,219
1536727663737,3478,SubmitRequirements,200,OK,9_API_SubmitRequirements 1-1,text,true,,240,1831,1,5,3478,0,1157
1536727743120,403,SubmitRequirements,200,OK,9_API_SubmitRequirements 1-1,text,true,,240,1831,1,5,403,0,149
1536727756235,365,SubmitRequirements,200,OK,9_API_SubmitRequirements 1-1,text,true,,240,1831,1,5,365,0,114
1536727777154,645,SubmitRequirements,200,OK,9_API_SubmitRequirements 1-1,text,true,,240,1831,1,5,645,0,355
1536727792356,367,SubmitRequirements,200,OK,9_API_SubmitRequirements 1-1,text,true,,240,1831,1,5,367,0,116
1536727848973,497,SubmitRequirements,200,OK,9_API_SubmitRequirements 1-1,text,true,,240,1831,1,5,497,0,138
1536728720491,981,SubmitRequirements,200,OK,9_API_SubmitRequirements 1-1,text,true,,240,1831,1,5,981,0,244
1536728841491,640,SubmitRequirements,200,OK,9_API_SubmitRequirements 1-1,text,true,,240,1831,1,5,640,0,381
1536728857935,403,SubmitRequirements,200,OK,9_API_SubmitRequirements 1-1,text,true,,240,1831,1,5,403,0,111
1536728861289,380,SubmitRequirements,200,OK,9_API_SubmitRequirements 1-1,text,true,,240,1831,1,5,379,0,107
1536728951574,976,SubmitRequirements,200,OK,9_API_SubmitRequirements 1-1,text,true,,240,1831,1,5,976,0,462
1536728978090,359,SubmitRequirements,200,OK,9_API_SubmitRequirements 1-1,text,true,,240,1831,1,5,359,0,114
1536728991041,429,SubmitRequirements,200,OK,9_API_SubmitRequirements 1-1,text,true,,240,1831,1,5,429,0,130
1536729028613,715,SubmitRequirements,200,OK,9_API_SubmitRequirements 1-1,text,true,,240,1831,1,5,715,0,307
1536729044246,374,SubmitRequirements,200,OK,9_API_SubmitRequirements 1-1,text,true,,240,1831,1,5,374,0,118
1536729056294,380,SubmitRequirements,200,OK,9_API_SubmitRequirements 1-1,text,true,,240,1831,1,5,380,0,144
1536729209413,1301,SubmitRequirements,200,OK,9_API_SubmitRequirements 1-1,text,true,,240,1831,1,5,1301,0,504
1536729349681,423,SubmitRequirements,200,OK,9_API_SubmitRequirements 1-1,text,true,,240,1831,1,5,423,0,158
1536729370202,1029,SubmitRequirements,200,OK,9_API_SubmitRequirements 1-1,text,true,,240,1831,1,5,1029,0,353
1536729378480,457,SubmitRequirements,200,OK,9_API_SubmitRequirements 1-1,text,true,,240,1831,1,5,457,0,116
1536729453388,599,SubmitRequirements,200,OK,9_API_SubmitRequirements 1-1,text,true,,240,1831,1,5,599,0,332
1536729459727,641,SubmitRequirements,200,OK,9_API_SubmitRequirements 1-1,text,true,,240,1831,1,5,641,0,115
1536729515180,507,SubmitRequirements,200,OK,9_API_SubmitRequirements 1-1,text,true,,240,1831,1,5,507,0,212
1536729527477,797,SubmitRequirements,200,OK,9_API_SubmitRequirements 1-1,text,true,,240,1831,1,5,797,0,446
1536729529431,265,SubmitRequirements,200,OK,9_API_SubmitRequirements 1-1,text,true,,240,1831,1,5,265,0,0
1536729566065,332,SubmitRequirements,200,OK,9_API_SubmitRequirements 1-1,text,true,,240,1831,1,5,332,0,94
1536729574739,383,SubmitRequirements,200,OK,9_API_SubmitRequirements 1-1,text,true,,240,1831,1,5,383,0,136
1536729669169,714,SubmitRequirements,200,OK,9_API_SubmitRequirements 1-1,text,true,,240,1831,1,5,714,0,429
1536729740732,1074,SubmitRequirements,200,OK,9_API_SubmitRequirements 1-1,text,true,,240,1831,1,5,1074,0,832
1536729905620,398,SubmitRequirements,200,OK,9_API_SubmitRequirements 1-1,text,true,,240,1831,1,5,398,0,119
1536729909518,372,SubmitRequirements,200,OK,9_API_SubmitRequirements 1-1,text,true,,240,1831,1,5,372,0,127
1536729919305,374,SubmitRequirements,200,OK,9_API_SubmitRequirements 1-1,text,true,,240,1831,1,5,374,0,101
1536729958379,373,SubmitRequirements,200,OK,9_API_SubmitRequirements 1-1,text,true,,240,1831,1,5,373,0,137
1536729975140,753,SubmitRequirements,200,OK,9_API_SubmitRequirements 1-1,text,true,,240,1831,1,5,753,0,426
1536729981680,368,SubmitRequirements,200,OK,9_API_SubmitRequirements 1-1,text,true,,240,1831,1,5,368,0,117
1536730136266,705,SubmitRequirements,200,OK,9_API_SubmitRequirements 1-1,text,true,,240,1831,1,5,705,0,411
1536730171273,644,SubmitRequirements,200,OK,9_API_SubmitRequirements 1-1,text,true,,240,1831,1,5,644,0,405
1536730174250,659,SubmitRequirements,200,OK,9_API_SubmitRequirements 1-1,text,true,,240,1831,1,5,659,0,109
1536730210998,614,SubmitRequirements,200,OK,9_API_SubmitRequirements 1-1,text,true,,240,1831,1,5,614,0,361
1536730266062,351,SubmitRequirements,200,OK,9_API_SubmitRequirements 1-1,text,true,,240,1831,1,5,351,0,93
1536730301301,595,SubmitRequirements,200,OK,9_API_SubmitRequirements 1-1,text,true,,240,1831,1,5,595,0,341
1536730309427,401,SubmitRequirements,200,OK,9_API_SubmitRequirements 1-1,text,true,,240,1831,1,5,401,0,145
1536730368897,898,SubmitRequirements,200,OK,9_API_SubmitRequirements 1-1,text,true,,240,1831,1,5,898,0,386
1536730413590,618,SubmitRequirements,200,OK,9_API_SubmitRequirements 1-1,text,true,,240,1831,1,5,618,0,366
1536730442265,1313,SubmitRequirements,200,OK,9_API_SubmitRequirements 1-1,text,true,,240,1831,1,5,1313,0,173
1536730460879,606,SubmitRequirements,200,OK,9_API_SubmitRequirements 1-1,text,true,,240,1831,1,5,606,0,311
1536730502674,392,SubmitRequirements,200,OK,9_API_SubmitRequirements 1-1,text,true,,240,1831,1,5,392,0,125
1536730533745,627,SubmitRequirements,200,OK,9_API_SubmitRequirements 1-1,text,true,,240,1831,1,5,627,0,384
1536730631082,408,SubmitRequirements,200,OK,9_API_SubmitRequirements 1-1,text,true,,240,1831,1,5,408,0,200
1536730767626,2325,SubmitRequirements,200,OK,9_API_SubmitRequirements 1-1,text,true,,240,1831,1,5,2325,0,382
1536730823258,418,SubmitRequirements,200,OK,9_API_SubmitRequirements 1-1,text,true,,240,1831,1,5,418,0,186
1536730848324,412,SubmitRequirements,200,OK,9_API_SubmitRequirements 1-1,text,true,,240,1831,1,5,412,0,152
1536730869720,606,SubmitRequirements,200,OK,9_API_SubmitRequirements 1-1,text,true,,240,1831,1,5,606,0,357
1536730898820,1540,SubmitRequirements,200,OK,9_API_SubmitRequirements 1-1,text,true,,240,1831,1,5,1540,0,175
1536730938474,445,SubmitRequirements,200,OK,9_API_SubmitRequirements 1-1,text,true,,240,1831,1,5,445,0,165
1536730986504,631,SubmitRequirements,200,OK,9_API_SubmitRequirements 1-1,text,true,,240,1831,1,5,631,0,376
1536731099511,634,SubmitRequirements,200,OK,9_API_SubmitRequirements 1-1,text,true,,240,1831,1,5,634,0,129
1536731157562,878,SubmitRequirements,200,OK,9_API_SubmitRequirements 1-1,text,true,,240,1831,1,5,878,0,323
1536731234246,671,SubmitRequirements,200,OK,9_API_SubmitRequirements 1-1,text,true,,240,1831,1,5,671,0,94
1536731329174,389,SubmitRequirements,200,OK,9_API_SubmitRequirements 1-1,text,true,,240,1831,1,5,389,0,139
1536731366204,484,SubmitRequirements,200,OK,9_API_SubmitRequirements 1-1,text,true,,240,1831,1,5,484,0,189
1536731427817,949,SubmitRequirements,200,OK,9_API_SubmitRequirements 1-1,text,true,,240,1831,1,5,949,0,457
1536731448526,352,SubmitRequirements,200,OK,9_API_SubmitRequirements 1-1,text,true,,240,1831,1,5,352,0,111
1536731486361,718,SubmitRequirements,200,OK,9_API_SubmitRequirements 1-1,text,true,,240,1831,1,5,718,0,469
1536731506045,338,SubmitRequirements,200,OK,9_API_SubmitRequirements 1-1,text,true,,240,1831,1,5,338,0,102
1536731587750,400,SubmitRequirements,200,OK,9_API_SubmitRequirements 1-1,text,true,,240,1831,1,5,400,0,125
1536731611192,821,SubmitRequirements,200,OK,9_API_SubmitRequirements 1-1,text,true,,240,1831,1,5,821,0,438
1536731665643,556,SubmitRequirements,200,OK,9_API_SubmitRequirements 1-1,text,true,,240,1831,1,5,556,0,312
1536731704163,360,SubmitRequirements,200,OK,9_API_SubmitRequirements 1-1,text,true,,240,1831,1,5,359,0,106
1536731713639,350,SubmitRequirements,200,OK,9_API_SubmitRequirements 1-1,text,true,,240,1831,1,5,350,0,111
1536731847902,378,SubmitRequirements,200,OK,9_API_SubmitRequirements 1-1,text,true,,240,1831,1,3,378,0,140
1536731901621,416,SubmitRequirements,200,OK,9_API_SubmitRequirements 1-1,text,true,,240,1831,1,3,416,0,159
1536731917379,427,SubmitRequirements,200,OK,9_API_SubmitRequirements 1-1,text,true,,240,1831,1,3,427,0,128
1536731919681,353,SubmitRequirements,200,OK,9_API_SubmitRequirements 1-1,text,true,,240,1831,1,3,353,0,110
1536731927513,567,SubmitRequirements,200,OK,9_API_SubmitRequirements 1-1,text,true,,240,1831,1,3,567,0,318
1536731955555,363,SubmitRequirements,200,OK,9_API_SubmitRequirements 1-1,text,true,,240,1831,1,3,363,0,117
1536732004595,600,SubmitRequirements,200,OK,9_API_SubmitRequirements 1-1,text,true,,240,1831,1,3,600,0,368
1536732010455,433,SubmitRequirements,200,OK,9_API_SubmitRequirements 1-1,text,true,,240,1831,1,3,433,0,136
1536732071670,409,SubmitRequirements,200,OK,9_API_SubmitRequirements 1-1,text,true,,240,1831,1,3,409,0,159
1536732075001,646,SubmitRequirements,200,OK,9_API_SubmitRequirements 1-1,text,true,,240,1831,1,3,646,0,387
1536732166796,350,SubmitRequirements,200,OK,9_API_SubmitRequirements 1-1,text,true,,240,1831,1,2,350,0,120
1536888083716,5632,SubmitRequirements,200,OK,9_API_SubmitRequirements 1-1,text,true,,240,1831,1,5,5631,0,3440
1536888099924,5523,SubmitRequirements,200,OK,9_API_SubmitRequirements 1-1,text,true,,240,1831,1,5,5523,0,2700
1536888222863,9092,SubmitRequirements,200,OK,9_API_SubmitRequirements 1-1,text,true,,240,1831,1,2,9092,0,4955
