UserName,UserPassword,LifeCode,FirstName
uwmanager,Welcome1@,PTS00130,Performance0
uwmanager,Welcome1@,PTS00130,Performance2
uwmanager,Welcome1@,PTS00130,Performance3
uwmanager,Welcome1@,PTS00130,Performance4
uwmanager,Welcome1@,PTS00130,Performance5
uwmanager,Welcome1@,PTS00130,Performance6
uwmanager,Welcome1@,PTS00130,Performance7
uwmanager,Welcome1@,PTS00130,Performance8
uwmanager,Welcome1@,PTS00130,Performance9
uwmanager,Welcome1@,PTS00130,Performance10
uwmanager,Welcome1@,PTS00140,Performance11