UserName,UserPassword,RefNo
uwmanager,Welcome1@,PTS00270
uwmanager,Welcome1@,PTS00272
uwmanager,Welcome1@,PTS00282
uwmanager,Welcome1@,PTS00283
uwmanager,Welcome1@,PTS00284
uwmanager,Welcome1@,PTS00285
uwmanager,Welcome1@,PTS00286
uwmanager,Welcome1@,PTS00287
uwmanager,Welcome1@,PTS00288
uwmanager,Welcome1@,PTS00289
uwmanager,Welcome1@,PTS00290
uwmanager,Welcome1@,PTS00291
uwmanager,Welcome1@,PTS00292
uwmanager,Welcome1@,PTS00293
uwmanager,Welcome1@,PTS00294
uwmanager,Welcome1@,PTS00295
uwmanager,Welcome1@,PTS00296
uwmanager,Welcome1@,PTS00297
uwmanager,Welcome1@,PTS00320
uwmanager,Welcome1@,PTS00321
uwmanager,Welcome1@,PTS00322
uwmanager,Welcome1@,PTS00323
uwmanager,Welcome1@,PTS00324
uwmanager,Welcome1@,PTS00325
uwmanager,Welcome1@,PTS00326
uwmanager,Welcome1@,PTS00327
uwmanager,Welcome1@,PTS00328
uwmanager,Welcome1@,PTS00329
uwmanager,Welcome1@,PTS00330
uwmanager,Welcome1@,PTS00331
uwmanager,Welcome1@,PTS00332
uwmanager,Welcome1@,PTS00333
uwmanager,Welcome1@,PTS00334
uwmanager,Welcome1@,PTS00335
uwmanager,Welcome1@,PTS00336
uwmanager,Welcome1@,PTS00337
uwmanager,Welcome1@,PTS00338
uwmanager,Welcome1@,PTS00339